"MATERIA","DESCRIPCION","ABREVIATURA","DEPARTAMENTO","CURSO"
8291,Márketing en el Punto de Venta,MPV,,1º de CFGS (Gestión Comercial y Marketing)
8292,Gestión de la Compraventa,GEC,,1º de CFGS (Gestión Comercial y Marketing)
8290,Logística Comercial,LOC,,1º de CFGS (Gestión Comercial y Marketing)
8280,Francés,FRA,,1º de CFGS (Gestión Comercial y Marketing)
8281,Inglés,ING,,1º de CFGS (Gestión Comercial y Marketing)
8282,Alemán,ALE,,1º de CFGS (Gestión Comercial y Marketing)
8283,Italiano,ITA,,1º de CFGS (Gestión Comercial y Marketing)
8284,Formación y Orientación Laboral,FOL,,1º de CFGS (Gestión Comercial y Marketing)
8285,Portugués,POR,,1º de CFGS (Gestión Comercial y Marketing)
8287,Aplicaciones Informáticas de Propósito General,AIG,,1º de CFGS (Gestión Comercial y Marketing)
8288,Investigación Comercial,INC,,1º de CFGS (Gestión Comercial y Marketing)
8289,Políticas de Márketing,POM,,1º de CFGS (Gestión Comercial y Marketing)
8102,Fundamentos Biológicos y Bases del Acondicionamiento Físico,FBI,,1º de CFGS (Animación de Actividades Físicas y Deportivas)
8103,Metodología Didáctica de las Actividades Físico-Deportivas,MDF,,1º de CFGS (Animación de Actividades Físicas y Deportivas)
8100,Actividades Físico-Deportivas Individuales,AFI,,1º de CFGS (Animación de Actividades Físicas y Deportivas)
8099,Juegos y Actividades Físicas Recreativas para Animación,JAR,,1º de CFGS (Animación de Actividades Físicas y Deportivas)
7615,Formación en Centros de Trabajo,FCT,,2º de CFGS (Gestión Comercial y Marketing)
7573,Organización Gestión de Pequeña Empresa Tiempo Libre y Socioeducativas,ETL,,2º de CFGS (Animación de Actividades Físicas y Deportivas)
7574,Primeros Auxilios y Socorrismo Acuático,ASA,,2º de CFGS (Animación de Actividades Físicas y Deportivas)
7587,Formación en Centros de Trabajo,FCT,,2º de CFGS (Administración y Finanzas)
7572,Actividades Físicas para Personas con Discapacidades,AFP,,2º de CFGS (Animación de Actividades Físicas y Deportivas)
7569,Formación en Centros de Trabajo,FCT,,2º de CFGS (Animación de Actividades Físicas y Deportivas)
7498,Formación en Centros de Trabajo,FCT,DEPARTAMENTO DE COMERCIO Y MARKETING,2º de CFGM (Comercio)
21147,"Sist. De Vuelo Automático:Piloto Automático, Gestión de Vuelo y Entorno de Vuelo",SVA,,2º de CFGS (Mantenimiento de Aviónica)
6660,Sistemas Informáticos Multiusuario y en Red,SIM,DEPARTAMENTO DE INFORMÁTICA,1º de CFGS (Desarrollo de Aplicaciones Informáticas)
6661,Análisis y Diseño Detallado de Aplicaciones Informáticas de Gestión,ADA,,1º de CFGS (Desarrollo de Aplicaciones Informáticas)
6662,Programación en Lenguajes Estructurados,PLE,,1º de CFGS (Desarrollo de Aplicaciones Informáticas)
6536,Gestión Financiera,GFI,,1º de CFGS (Administración y Finanzas)
6537,Contabilidad y Fiscalidad,CFI,,1º de CFGS (Administración y Finanzas)
6539,Aplicaciones Informáticas y Operatoria de Teclados,AIO,,1º de CFGS (Administración y Finanzas)
6535,Gestión de Aprovisionamiento,GAP,,1º de CFGS (Administración y Finanzas)
6312,Animación del Punto de Venta,APV,,1º de CFGM (Comercio)
6313,Operaciones de Venta,OPV,,1º de CFGM (Comercio)
6314,Administración y Gestión de un Pequeño Establecimiento Comercial,AGE,,1º de CFGM (Comercio)
6316,Aplicaciones Informáticas de Propósito General,AIG,,1º de CFGM (Comercio)
6309,Formación y Orientación Laboral,FOL,,1º de CFGM (Comercio)
6311,Operaciones de Almacenaje,OPA,,1º de CFGM (Comercio)
20636,Aplicaciones Informáticas,AIN,,1º de P.G.S. para ACNEES (Auxiliar Dependiente de Comercio)
20637,Técnicas de Comunicación y Atención al Cliente,TCA,,1º de P.G.S. para ACNEES (Auxiliar Dependiente de Comercio)
20638,Técnicas Comerciales Básicas,TCB,,1º de P.G.S. para ACNEES (Auxiliar Dependiente de Comercio)
20639,Técnicas Básicas de Almacén y Reposicion de Productos Punto,TBA,,1º de P.G.S. para ACNEES (Auxiliar Dependiente de Comercio)
20232,Sistemas de la aeronave I,SAI,,1º de CFGS (Mantenimiento Aeromecánico)
20234,Legislación y organización del mantenimiento,LOM,,1º de CFGS (Mantenimiento Aeromecánico)
20239,"Motor de reacción, sus sistemas y la unidad de potencia auxiliar(A.P.U.)",MSP,,2º de CFGS (Mantenimiento Aeromecánico)
20247,Sistemas de comunicaciones y de navegación de la aeronave y componentes asociados,SCA,,1º de CFGS (Mantenimiento de Aviónica)
20250,Seguridad en el mantenimiento de las aeronaves,SMA,,1º de CFGS (Mantenimiento de Aviónica)
20256,Formación y orientación laboral,FOL,,2º de CFGS (Mantenimiento de Aviónica)
20021,Actividades físico-deportivas con implementos,AFD,,1º de CFGS (Animación de Actividades Físicas y Deportivas)
20067,Relaciones en el entorno de trabajo,RET,,1º de CFGM (Comercio)
20022,Animación y dinámica de grupos,ADG,,1º de CFGS (Animación de Actividades Físicas y Deportivas)
20231,"Motor de émbolo, hélices y sus sistemas",MEH,,1º de CFGS (Mantenimiento Aeromecánico)
20233,Sistemas eléctricos/electrónicos de las aeronaves,SEE,,1º de CFGS (Mantenimiento Aeromecánico)
20235,Hidráulica y neumática,HYN,,1º de CFGS (Mantenimiento Aeromecánico)
20236,Técnicas electromecánicas básicas para el mantenimiento,TEB,,1º de CFGS (Mantenimiento Aeromecánico)
20237,Seguridad en el Mantenimiento de Aeronaves,SMA,,1º de CFGS (Mantenimiento Aeromecánico)
20238,Constitución y Navegación de las Aeronaves,CNA,,1º de CFGS (Mantenimiento Aeromecánico)
20240,Sistemas de la aeronave II,AII,,2º de CFGS (Mantenimiento Aeromecánico)
20241,Materiales y estructuras de las aeronaves,MEA,,2º de CFGS (Mantenimiento Aeromecánico)
20242,Relaciones en el entorno de trabajo,RET,,2º de CFGS (Mantenimiento Aeromecánico)
20243,Formación y orientación laboral,FOL,,2º de CFGS (Mantenimiento Aeromecánico)
20244,Formación en centros de trabajo,FCT,,2º de CFGS (Mantenimiento Aeromecánico)
20245,Sistemas eléctricos de la aeronave y componentes asociados,SEA,DEPARTAMENTO DE MANTENIMIENTO DE VEHÍCULOS AUTOPROPULSADOS,1º de CFGS (Mantenimiento de Aviónica)
20246,Planta de potencia y sistemas mecánicos de aeronaves,PPSMA,,1º de CFGS (Mantenimiento de Aviónica)
20248,Legislación y organización del mantenimiento,LOM,,1º de CFGS (Mantenimiento de Aviónica)
20249,Técnicas electromecánicas básicas para el mantenimiento,TEB,,1º de CFGS (Mantenimiento de Aviónica)
20251,Constitución y navegación de las aeronaves,CNA,,1º de CFGS (Mantenimiento de Aviónica)
20252,Relaciones en el entorno de trabajo,RET,,1º de CFGS (Mantenimiento de Aviónica)
20255,"Computadores de aeronaves, teoría de operación y mantenimiento de los mismos",CAV,,2º de CFGS (Mantenimiento de Aviónica)
20257,Formación en centros de trabajo,FCT,,2º de CFGS (Mantenimiento de Aviónica)
20041,Recursos Humanos,RHH,,1º de CFGS (Administración y Finanzas)
20963,Lengua Extranjera o de la Comunidad Autónoma,LEC,,1º de CFGM (Comercio)
20977,Formación y Orientación Laboral,FOL,,2º de CFGS (Animación de Actividades Físicas y Deportivas)
20978,Actividades Físico-Deportivas en Equipo,AFE,,2º de CFGS (Animación de Actividades Físicas y Deportivas)
21003,"Sist. De Instrumentación, Registro de Datos de Vuelo y Mant. Cent. De Aeronaves",SIA,,2º de CFGS (Mantenimiento de Aviónica)
23274,Inglés Técnico,INGTE,,1º de CFGS (Administración y Finanzas)
23277,Inglés Técnico,INGTE,,1º de CFGS (Desarrollo de Aplicaciones Informáticas)
23279,Inglés Técnico,INGTE,,1º de CFGS (Mantenimiento Aeromecánico)
23280,Inglés Técnico,INGTE,DEPARTAMENTO DE INGLÉS,1º de CFGS (Mantenimiento de Aviónica)
25673,Formación en Centros de Trabajo,FCT,,CFGM (Modular presencial) (Comercio)
23728,Inglés Técnico,INGT,,2º de CFGS (Mantenimiento Aeromecánico)
33686,Economía de la empresa,EEMOP,,2º de Bachillerato (Ciencias y Tecnología)
34444,Representación gráfica en fabricación mecánica,RGF,,CFGS (Mod. Presencial) (LOE) - Construcciones Metálicas
34446,Definición de procesos en construcciones metálicas,DPCM,,CFGS (Mod. Presencial) (LOE) - Construcciones Metálicas
34448,Programación de Sistemas Automáticos de Fabricación Mecánica,PSA,,CFGS (Mod. Presencial) (LOE) - Construcciones Metálicas
37277,Inglés,ING,,1º de CFGM (LOE) - Gestión Administrativa
37279,Operaciones auxiliares de gestión de tesorería,OAGT,,1º de CFGM (LOE) - Gestión Administrativa
37281,Formación y Orientación Laboral,FOL,,1º de CFGM (LOE) - Gestión Administrativa
33526,"Procesos de mecanizado, corte y conformado en construcciones metálicas",PMCC,,1º de CFGS (LOE) - Construcciones Metálicas
33528,Procesos de unión y montaje en construcciones metálicas,PUMCM,,1º de CFGS (LOE) - Construcciones Metálicas
33530,Inglés técnico para CFGS de la familia profesional de fabricación mecánica,ING,,1º de CFGS (LOE) - Construcciones Metálicas
37313,Implantación de sistemas operativos,ISO,,1º de CFGS (LOE) - Administración de Sistemas Informáticos en Red
37315,Planificación y administración de redes,PAR,,1º de CFGS (LOE) - Administración de Sistemas Informáticos en Red
37317,Fundamentos de hardware,FH,,1º de CFGS (LOE) - Administración de Sistemas Informáticos en Red
37319,Gestión de bases de datos,GBD,,1º de CFGS (LOE) - Administración de Sistemas Informáticos en Red
37321,Lenguajes de marcas y sistemas de gestión de información,LMSGI,,1º de CFGS (LOE) - Administración de Sistemas Informáticos en Red
37323,Implantación de sistemas operativos,ISO,,CFGS (Mod. Presencial) (LOE) - Administración de Sistemas Informáticos en Red
37325,Planificación y administración de redes,PAR,,CFGS (Mod. Presencial) (LOE) - Administración de Sistemas Informáticos en Red
37327,Fundamentos de hardware,FH,,CFGS (Mod. Presencial) (LOE) - Administración de Sistemas Informáticos en Red
37329,Gestión de bases de datos,GBD,,CFGS (Mod. Presencial) (LOE) - Administración de Sistemas Informáticos en Red
37331,Lenguajes de marcas y sistemas de gestión de información,LMSGI,,CFGS (Mod. Presencial) (LOE) - Administración de Sistemas Informáticos en Red
37605,Formación y Orientación Laboral,FOL,,1º de CFGS (LOE) - Administración de Sistemas Informáticos en Red
37607,Inglés técnico para los Ciclos Formativos de grado superior de la familia profesional Informática y Comunicac.,ING,,1º de CFGS (LOE) - Administración de Sistemas Informáticos en Red
37609,Formación y Orientación Laboral,FOL,,CFGS (Mod. Presencial) (LOE) - Administración de Sistemas Informáticos en Red
37611,Inglés técnico para CFGS,ING,,CFGS (Mod. Presencial) (LOE) - Administración de Sistemas Informáticos en Red
37613,Administración de sistemas operativos,ASO,,2º de CFGS (LOE) - Administración de Sistemas Informáticos en Red
33984,Eficiencia energética de instalaciones,EEIN,,2º de CFGS (LOE) - Eficiencia Energética y Energía Solar Térmica
33986,Certificación energética de edificios,CEED,,2º de CFGS (LOE) - Eficiencia Energética y Energía Solar Térmica
33988,Gestión eficiente del agua en edificación,GEAE,,2º de CFGS (LOE) - Eficiencia Energética y Energía Solar Térmica
33990,Gestión del montaje y mantenimiento de instalaciones solares térmicas,GMMI,,2º de CFGS (LOE) - Eficiencia Energética y Energía Solar Térmica
34450,"Procesos de mecanizado, corte y conformado en construcciones metálicas",PMCC,,CFGS (Mod. Presencial) (LOE) - Construcciones Metálicas
34452,Procesos de unión y montaje en construcciones metálicas,PUMCM,,CFGS (Mod. Presencial) (LOE) - Construcciones Metálicas
34454,Inglés técnico para CFGS de la familia profesional de fabricación mecánica,ING,,CFGS (Mod. Presencial) (LOE) - Construcciones Metálicas
34456,Diseño de construcciones metálicas,DCM,,CFGS (Mod. Presencial) (LOE) - Construcciones Metálicas
34458,Programación de la producción,PP,,CFGS (Mod. Presencial) (LOE) - Construcciones Metálicas
34460,"Gestión de la calidad, prevención de riesgos laborales y protección ambiental",GCPR,,CFGS (Mod. Presencial) (LOE) - Construcciones Metálicas
34462,Formación y Orientación Laboral,FOL,,CFGS (Mod. Presencial) (LOE) - Construcciones Metálicas
34464,Empresa e iniciativa emprendedora,EIE,,CFGS (Mod. Presencial) (LOE) - Construcciones Metálicas
33992,Empresa e iniciativa emprendedora,EIE,,2º de CFGS (LOE) - Eficiencia Energética y Energía Solar Térmica
33994,Formación en Centros de Trabajo,FCT,,2º de CFGS (LOE) - Eficiencia Energética y Energía Solar Térmica
34022,Montaje y mantenimiento de equipos,MMEQ,,CFGM (Mod. Presencial) (LOE) - Sistemas Microinformáticos y Redes
32910,Montaje y mantenimiento de equipos,MMEQ,,1º de CFGM (LOE) - Sistemas Microinformáticos y Redes
32912,Sistemas operativos monopuesto,SOM,,1º de CFGM (LOE) - Sistemas Microinformáticos y Redes
32914,Redes locales,REDL,,1º de CFGM (LOE) - Sistemas Microinformáticos y Redes
32916,Aplicaciones web,AWEB,,1º de CFGM (LOE) - Sistemas Microinformáticos y Redes
32918,Formación y orientación laboral,FOL,,1º de CFGM (LOE) - Sistemas Microinformáticos y Redes
32920,Inglés Técnico para los ciclos de grado medio de la Familia Profesional de Informática y Comunicaciones,ING,,1º de CFGM (LOE) - Sistemas Microinformáticos y Redes
32922,Aplicaciones ofimáticas,APOF,,2º de CFGM (LOE) - Sistemas Microinformáticos y Redes
32924,Sistemas operativos en red,SRED,,2º de CFGM (LOE) - Sistemas Microinformáticos y Redes
32926,Seguridad informática,SEIN,,2º de CFGM (LOE) - Sistemas Microinformáticos y Redes
32928,Servicios en red,SR,,2º de CFGM (LOE) - Sistemas Microinformáticos y Redes
32930,Empresa e iniciativa emprendedora,EIE,,2º de CFGM (LOE) - Sistemas Microinformáticos y Redes
32932,Formación en centros de trabajo,FCT,,2º de CFGM (LOE) - Sistemas Microinformáticos y Redes
32934,Interpretación gráfica,IGR,,1º de CFGM (LOE) - Soldadura y Calderería
32936,Mecanizado,MECA,,1º de CFGM (LOE) - Soldadura y Calderería
32938,Soldadura en atmósfera natural,SAN,,1º de CFGM (LOE) - Soldadura y Calderería
32940,Metrología y ensayos,MTE,,1º de CFGM (LOE) - Soldadura y Calderería
32942,Formación y orientación laboral,FOL,,1º de CFGM (LOE) - Soldadura y Calderería
32944,Inglés técnico para los CFGM de la familia profesional de fabricación mecánica,ING,,1º de CFGM (LOE) - Soldadura y Calderería
32946,"Trazado, corte y conformado",TCC,,2º de CFGM (LOE) - Soldadura y Calderería
32948,Soldadura en atmósfera protegida,SAP,,2º de CFGM (LOE) - Soldadura y Calderería
32950,Montaje,MONT,,2º de CFGM (LOE) - Soldadura y Calderería
32952,Empresa e iniciativa emprendedora,EIE,,2º de CFGM (LOE) - Soldadura y Calderería
32954,Formación en centros de trabajo,FCT,,2º de CFGM (LOE) - Soldadura y Calderería
32970,"Fabricación por abrasión, electroerosión corte y conformado, y por procesos especiales",FABRA,,2º de CFGM (LOE) - Mecanizado
32972,Sistemas automatizados,SIA,,2º de CFGM (LOE) - Mecanizado
32974,Metrología y ensayos,MTE,,2º de CFGM (LOE) - Mecanizado
32976,Mecanizado avanzado por control numérico,MACN,,2º de CFGM (LOE) - Mecanizado
32978,Inglés técnico para la familia profesional de Fabricación Mecánica,ING,,2º de CFGM (LOE) - Mecanizado
34024,Sistemas operativos monopuesto,SOM,,CFGM (Mod. Presencial) (LOE) - Sistemas Microinformáticos y Redes
34026,Redes locales,REDL,,CFGM (Mod. Presencial) (LOE) - Sistemas Microinformáticos y Redes
34028,Aplicaciones web,AWEB,,CFGM (Mod. Presencial) (LOE) - Sistemas Microinformáticos y Redes
34030,Formación y Orientación Laboral,FOL,,CFGM (Mod. Presencial) (LOE) - Sistemas Microinformáticos y Redes
34032,Inglés técnico para CFGM de la familia profesional de Informática y Comunicaciones,ING,,CFGM (Mod. Presencial) (LOE) - Sistemas Microinformáticos y Redes
34034,Aplicaciones ofimáticas,APOF,,CFGM (Mod. Presencial) (LOE) - Sistemas Microinformáticos y Redes
34036,Sistemas operativos en red,SRED,,CFGM (Mod. Presencial) (LOE) - Sistemas Microinformáticos y Redes
34038,Seguridad informática,SEIN,,CFGM (Mod. Presencial) (LOE) - Sistemas Microinformáticos y Redes
34040,Servicios en red,SR,,CFGM (Mod. Presencial) (LOE) - Sistemas Microinformáticos y Redes
34042,Empresa e iniciativa emprendedora,EIE,,CFGM (Mod. Presencial) (LOE) - Sistemas Microinformáticos y Redes
34044,Formación en Centros de Trabajo,FCT,,CFGM (Mod. Presencial) (LOE) - Sistemas Microinformáticos y Redes
34046,Diseño de construcciones metálicas,DCM,,2º de CFGS (LOE) - Construcciones Metálicas
34048,Programación de la producción,PP,,2º de CFGS (LOE) - Construcciones Metálicas
34050,"Gestión de la calidad, prevención de riesgos laborales y protección ambiental",GCPR,,2º de CFGS (LOE) - Construcciones Metálicas
34052,Proyectos de construcciones metálicas,PCM,,2º de CFGS (LOE) - Construcciones Metálicas
34054,Formación y Orientación Laboral,FOL,,2º de CFGS (LOE) - Construcciones Metálicas
34056,Empresa e iniciativa emprendedora,EIE,,2º de CFGS (LOE) - Construcciones Metálicas
34058,Formación en Centros de Trabajo,FCT,,2º de CFGS (LOE) - Construcciones Metálicas
34060,Proyecto de eficiencia energética y energía solar térmica,PEEST,,2º de CFGS (LOE) - Eficiencia Energética y Energía Solar Térmica
34466,Proyectos de construcciones metálicas,PCM,,CFGS (Mod. Presencial) (LOE) - Construcciones Metálicas
34468,Formación en Centros de Trabajo,FCT,,CFGS (Mod. Presencial) (LOE) - Construcciones Metálicas
34470,Equipos e instalaciones térmicas,EIT,,CFGS (Mod. Presencial) (LOE) - Eficiencia Energética y Energía Solar
34472,Procesos de montaje de instalaciones,PMI,,CFGS (Mod. Presencial) (LOE) - Eficiencia Energética y Energía Solar
34474,Representación gráfica de Instalaciones,RGI,,CFGS (Mod. Presencial) (LOE) - Eficiencia Energética y Energía Solar
34476,Configuración de instalaciones solares térmicas,CIST,,CFGS (Mod. Presencial) (LOE) - Eficiencia Energética y Energía Solar
34478,Promoción del uso eficiente de la energía y del agua,PUEEA,,CFGS (Mod. Presencial) (LOE) - Eficiencia Energética y Energía Solar
34480,Inglés técnico para CFGS de la familia profesional de energía y agua,ING,,CFGS (Mod. Presencial) (LOE) - Eficiencia Energética y Energía Solar
34482,Formación y Orientación Laboral,FOL,,CFGS (Mod. Presencial) (LOE) - Eficiencia Energética y Energía Solar
34484,Eficiencia energética de instalaciones,EEIN,,CFGS (Mod. Presencial) (LOE) - Eficiencia Energética y Energía Solar
34486,Certificación energética de edificios,CEED,,CFGS (Mod. Presencial) (LOE) - Eficiencia Energética y Energía Solar
34488,Gestión eficiente del agua en edificación,GEAE,,CFGS (Mod. Presencial) (LOE) - Eficiencia Energética y Energía Solar
34490,Gestión del montaje y mantenimiento de instalaciones solares térmicas,GMMI,,CFGS (Mod. Presencial) (LOE) - Eficiencia Energética y Energía Solar
34492,Empresa e iniciativa emprendedora,EIE,,CFGS (Mod. Presencial) (LOE) - Eficiencia Energética y Energía Solar
34494,Proyecto de eficiencia energética y energía solar térmica,PEEST,,CFGS (Mod. Presencial) (LOE) - Eficiencia Energética y Energía Solar
34496,Formación en Centros de Trabajo,FCT,,CFGS (Mod. Presencial) (LOE) - Eficiencia Energética y Energía Solar
34078,Fabricación asistida por ordenador,FAO,,2º de CFGS (LOE) - Programación de la Producción en Fabricación Mecánica
34080,Programación de la producción,PP,,2º de CFGS (LOE) - Programación de la Producción en Fabricación Mecánica
34082,"Gestión de la calidad, prevención de riesgos laborales y protección ambiental",GCPR,,2º de CFGS (LOE) - Programación de la Producción en Fabricación Mecánica
34084,Verificación de productos,VP,,2º de CFGS (LOE) - Programación de la Producción en Fabricación Mecánica
34086,Formación y Orientación Laboral,FOL,,2º de CFGS (LOE) - Programación de la Producción en Fabricación Mecánica
34088,Empresa e iniciativa emprendedora,EIE,,2º de CFGS (LOE) - Programación de la Producción en Fabricación Mecánica
34090,Proyecto de fabricación de productos mecánicos,PFPM,,2º de CFGS (LOE) - Programación de la Producción en Fabricación Mecánica
34092,Formación en Centros de Trabajo,FCT,,2º de CFGS (LOE) - Programación de la Producción en Fabricación Mecánica
35160,Interpretación gráfica,IGR,,CFGM (Mod. Presencial) (LOE) - Soldadura y Calderería
35164,Mecanizado,MECA,,CFGM (Mod. Presencial) (LOE) - Soldadura y Calderería
35168,Soldadura en atmósfera natural,SAN,,CFGM (Mod. Presencial) (LOE) - Soldadura y Calderería
35172,Metrología y ensayos,MTE,,CFGM (Mod. Presencial) (LOE) - Soldadura y Calderería
35178,Formación y Orientación Laboral,FOL,,CFGM (Mod. Presencial) (LOE) - Soldadura y Calderería
35182,Inglés técnico para CFGM de la familia profesional de fabricación mecánica,ING,,CFGM (Mod. Presencial) (LOE) - Soldadura y Calderería
35188,"Trazado, corte y conformado",TCC,,CFGM (Mod. Presencial) (LOE) - Soldadura y Calderería
35192,Soldadura en Atmósfera Protegida,SAP,,CFGM (Mod. Presencial) (LOE) - Soldadura y Calderería
35196,Montaje,MONT,,CFGM (Mod. Presencial) (LOE) - Soldadura y Calderería
35200,Empresa e iniciativa emprendedora,EIE,,CFGM (Mod. Presencial) (LOE) - Soldadura y Calderería
32980,Empresa e iniciativa emprendedora,EIE,,2º de CFGM (LOE) - Mecanizado
32982,Formación en centros de trabajo,FCT,,2º de CFGM (LOE) - Mecanizado
33852,Equipos e instalaciones térmicas,EIT,,1º de CFGS (LOE) - Eficiencia Energética y Energía Solar Térmica
33854,Procesos de montaje de instalaciones,PMI,,1º de CFGS (LOE) - Eficiencia Energética y Energía Solar Térmica
33856,Representación gráfica de Instalaciones,RGI,,1º de CFGS (LOE) - Eficiencia Energética y Energía Solar Térmica
33858,Configuración de instalaciones solares térmicas,CIST,,1º de CFGS (LOE) - Eficiencia Energética y Energía Solar Térmica
33860,Promoción del uso eficiente de la energía y del agua,PUEEA,,1º de CFGS (LOE) - Eficiencia Energética y Energía Solar Térmica
33862,Inglés técnico para CFGS de la familia profesional de energía y agua,ING,,1º de CFGS (LOE) - Eficiencia Energética y Energía Solar Térmica
33864,Formación y Orientación Laboral,FOL,,1º de CFGS (LOE) - Eficiencia Energética y Energía Solar Térmica
33878,Interpretación gráfica,IGR,,1º de CFGS (LOE) - Programación de la Produc. en Fabricación Mecánica
33880,"Definición de Procesos de Mecanizado, Conformado y Montaje",DPM,,1º de CFGS (LOE) - Programación de la Produc. en Fabricación Mecánica
35204,Formación en Centros de Trabajo,FCT,,CFGM (Mod. Presencial) (LOE) - Soldadura y Calderería
33406,Representación gráfica en fabricación mecánica,RGF,,1º de CFGS (LOE) - Construcciones Metálicas
33408,Definición de procesos en construcciones metálicas,DCM,,1º de CFGS (LOE) - Construcciones Metálicas
33410,Programación de Sistemas Automáticos de Fabricación Mecánica,PSA,,1º de CFGS (LOE) - Construcciones Metálicas
37615,Servicios de red e internet,SRI,,2º de CFGS (LOE) - Administración de Sistemas Informáticos en Red
37617,Implantación de aplicaciones web,IAW,,2º de CFGS (LOE) - Administración de Sistemas Informáticos en Red
37619,Administración de sistemas gestores de bases de datos,ASGBD,,2º de CFGS (LOE) - Administración de Sistemas Informáticos en Red
37621,Seguridad y alta disponibilidad,SAD,,2º de CFGS (LOE) - Administración de Sistemas Informáticos en Red
37623,Proyecto de administración de sistemas informáticos en red,PASIR,,2º de CFGS (LOE) - Administración de Sistemas Informáticos en Red
37625,Empresa e iniciativa emprendedora,EIE,,2º de CFGS (LOE) - Administración de Sistemas Informáticos en Red
37627,Formación en Centros de Trabajo,FCT,,2º de CFGS (LOE) - Administración de Sistemas Informáticos en Red
37271,Operaciones administrativas de compraventa,OAC,,1º de CFGM (LOE) - Gestión Administrativa
37273,Tratamiento informático de la información,TI,,1º de CFGM (LOE) - Gestión Administrativa
37275,Técnica contable,TC,,1º de CFGM (LOE) - Gestión Administrativa
33882,Mecanizado por control numérico,MECNU,,1º de CFGS (LOE) - Programación de la Produc. en Fabricación Mecánica
33884,Programación de Sistemas Automáticos de Fabricación Mecánica,PSA,,1º de CFGS (LOE) - Programación de la Produc. en Fabricación Mecánica
33886,Ejecución de procesos de fabricación,EPF,,1º de CFGS (LOE) - Programación de la Produc. en Fabricación Mecánica
33888,Inglés técnico para CFGS de la familia profesional de fabricación mecánica,ING,,1º de CFGS (LOE) - Programación de la Produc. en Fabricación Mecánica
32756,Procesos de mecanizado,PROME,,CFGM (Mod. Libre) (LOE) - Mecanizado
32758,Mecanizado por control numérico,MECNU,,CFGM (Mod. Libre) (LOE) - Mecanizado
32764,Fabricación por Arranque de Viruta,FAV,,CFGM (Mod. Libre) (LOE) - Mecanizado
32766,Interpretación gráfica,IGR,,CFGM (Mod. Libre) (LOE) - Mecanizado
32768,Formación y Orientación Laboral,FOL,,CFGM (Mod. Libre) (LOE) - Mecanizado
34666,Interpretación gráfica,IGR,,CFGS (Mod. Presencial) (LOE) - Programación de la Producción en Fabricación Mecánica
34668,"Definición de Procesos de Mecanizado, Conformado y Montaje",DPM,,CFGS (Mod. Presencial) (LOE) - Programación de la Producción en Fabricación Mecánica
34670,Mecanizado por control numérico,MECNU,,CFGS (Mod. Presencial) (LOE) - Programación de la Producción en Fabricación Mecánica
34672,Programación de Sistemas Automáticos de Fabricación Mecánica,PSA,,CFGS (Mod. Presencial) (LOE) - Programación de la Producción en Fabricación Mecánica
34674,Ejecución de procesos de fabricación,EPF,,CFGS (Mod. Presencial) (LOE) - Programación de la Producción en Fabricación Mecánica
34678,Inglés técnico para CFGS de la familia profesional de mecanizado,ING,,CFGS (Mod. Presencial) (LOE) - Programación de la Producción en Fabricación Mecánica
34680,Fabricación asistida por ordenador,FAO,,CFGS (Mod. Presencial) (LOE) - Programación de la Producción en Fabricación Mecánica
34682,Programación de la producción,PP,,CFGS (Mod. Presencial) (LOE) - Programación de la Producción en Fabricación Mecánica
34684,"Gestión de la calidad, prevención de riesgos laborales y protección ambiental",GCPR,,CFGS (Mod. Presencial) (LOE) - Programación de la Producción en Fabricación Mecánica
34688,Verificación de productos,VP,,CFGS (Mod. Presencial) (LOE) - Programación de la Producción en Fabricación Mecánica
34690,Formación y Orientación Laboral,FOL,,CFGS (Mod. Presencial) (LOE) - Programación de la Producción en Fabricación Mecánica
34694,Empresa e iniciativa emprendedora,EIE,,CFGS (Mod. Presencial) (LOE) - Programación de la Producción en Fabricación Mecánica
34698,Proyecto de fabricación de productos mecánicos,PFPM,,CFGS (Mod. Presencial) (LOE) - Programación de la Producción en Fabricación Mecánica
34700,Formación en Centros de Trabajo,FCT,,CFGS (Mod. Presencial) (LOE) - Programación de la Producción en Fabricación Mecánica
30592,Religión católica,REL,,1º de Bachillerato (Ciencias y Tecnología)
32024,Matemáticas II,MAT2,,2º de Bachillerato (Ciencias y Tecnología)
32026,Química,QUI,,2º de Bachillerato (Ciencias y Tecnología)
32028,Tecnología industrial II,TIN2,,2º de Bachillerato (Ciencias y Tecnología)
32030,Economía de la empresa,EEMP,,2º de Bachillerato (Humanidades y Ciencias Sociales)
32032,Geografía,GEO,,2º de Bachillerato (Humanidades y Ciencias Sociales)
32034,Griego II,GRI2,,2º de Bachillerato (Humanidades y Ciencias Sociales)
32036,Historia del arte,HA,,2º de Bachillerato (Humanidades y Ciencias Sociales)
32038,Latín II,LAT2,,2º de Bachillerato (Humanidades y Ciencias Sociales)
32040,Literatura universal,LITU,,2º de Bachillerato (Humanidades y Ciencias Sociales)
32042,Matemáticas aplicadas a las ciencias sociales II,MACS2,,2º de Bachillerato (Humanidades y Ciencias Sociales)
32044,Biología,BIO,,2º de Bachillerato (Humanidades y Ciencias Sociales)
32046,Ciencias de la Tierra y medioambientales,CTM,,2º de Bachillerato (Humanidades y Ciencias Sociales)
32052,Física,FIS,,2º de Bachillerato (Humanidades y Ciencias Sociales)
32054,Matemáticas II,MAT2,,2º de Bachillerato (Humanidades y Ciencias Sociales)
32056,Química,QUI,,2º de Bachillerato (Humanidades y Ciencias Sociales)
32060,Economía de la empresa,EEMP,,2º de Bachillerato (Ciencias y Tecnología)
32062,Geografía,GEO,,2º de Bachillerato (Ciencias y Tecnología)
32064,Griego II,GRI2,,2º de Bachillerato (Ciencias y Tecnología)
32066,Historia del arte,HA,,2º de Bachillerato (Ciencias y Tecnología)
32068,Latín II,LAT2,,2º de Bachillerato (Ciencias y Tecnología)
32070,Literatura universal,LITU,,2º de Bachillerato (Ciencias y Tecnología)
32072,Matemáticas aplicadas a las ciencias sociales II,MACS2,,2º de Bachillerato (Ciencias y Tecnología)
28683,Sistemas de la aeronave I,SAI,,CFGS (Modular presencial) (Mantenimiento Aeromecánico)
28684,"Sist. De Instrumentación, Registro de Datos de Vuelo y Mant. Cent. De Aeronaves",SIA,,CFGS (Modular presencial) (Mantenimiento de Aviónica)
28685,Formación en centros de trabajo,FCT,,CFGS (Modular presencial) (Mantenimiento de Aviónica)
28686,"Computadores de aeronaves, teoría de operación y mantenimiento de los mismos",CAV,,CFGS (Modular presencial) (Mantenimiento de Aviónica)
30762,Latín I,LAT1,,1º de Bachillerato (Ciencias y Tecnología)
29443,Biología y Geología,BYG,,3º de ESO
29445,Física y Química,FYQ,,3º de ESO
29447,"Ciencias Sociales, Geografía e Historia",CSO,,3º de ESO
29449,Educación Física,EFI,,3º de ESO
29451,Educación Plástica y Visual,EPV,,3º de ESO
29453,Lengua Castellana y Literatura,LCL,,3º de ESO
29455,Inglés,ING,,3º de ESO
29457,Francés,FRA,,3º de ESO
29459,Matemáticas,MAT,,3º de ESO
29461,Música,MUS,,3º de ESO
29463,Tecnologías,TEC,,3º de ESO
29465,Francés (Segundo Idioma),FR2OP,,3º de ESO
29467,Cultura Clásica,CLA,,3º de ESO
29469,Taller Tecnológico y Profesional,TTPOP,,3º de ESO
29471,Religión Católica,REL,,3º de ESO
29473,Religión Evangélica,REV,,3º de ESO
29475,Religión Islámica,RIS,,3º de ESO
29477,Religión Judía,RJU,,3º de ESO
29479,Historia y Cultura de las Religiones,HCR,,3º de ESO
29481,Ciencias de la Naturaleza,CNA,,1º de ESO
29483,"Ciencias Sociales, Geografía e Historia",CSO,,1º de ESO
29485,Educación Física,EFI,,1º de ESO
29487,Educación Plástica y Visual,EPV,,1º de ESO
29489,Lengua Castellana y Literatura,LCL,,1º de ESO
29491,Inglés,ING,,1º de ESO
29493,Francés,FRA,,1º de ESO
29495,Matemáticas,MAT,,1º de ESO
29497,Música,MUS,,1º de ESO
29499,Tecnologías,TEC,,1º de ESO
29501,Francés (Segundo Idioma),FR2OP,,1º de ESO
29503,Taller Tecnológico y Profesional,TTPOP,,1º de ESO
30784,Competencias básicas,CB,,1º de PCPI - Auxiliar Dependiente de Comercio
30796,Actividad física y deporte,AFD,,1º de PCPI - Auxiliar Dependiente de Comercio
30810,Módulo definido por el centro,MDC,,1º de PCPI - Auxiliar Dependiente de Comercio
30812,Operaciones auxiliares en el punto de venta,OAPV,,1º de PCPI - Auxiliar Dependiente de Comercio
30816,Preparación de pedidos,PDP,,1º de PCPI - Auxiliar Dependiente de Comercio
30820,Manipulación y movimientos con transpalés y carretillas de mano,MMTC,,1º de PCPI - Auxiliar Dependiente de Comercio
30824,Atención básica al cliente,ABC,,1º de PCPI - Auxiliar Dependiente de Comercio
30830,Formación práctica en centro de trabajo,FCT,,1º de PCPI - Auxiliar Dependiente de Comercio
28687,Formación y orientación laboral,FOL,,CFGS (Modular presencial) (Mantenimiento de Aviónica)
28688,"Sist. De Vuelo Automático:Piloto Automático, Gestión de Vuelo y Entorno de Vuelo",SVA,,CFGS (Modular presencial) (Mantenimiento de Aviónica)
28689,Inglés Técnico,INGTE,,CFGS (Modular presencial) (Mantenimiento de Aviónica)
28690,Relaciones en el entorno de trabajo,RET,,CFGS (Modular presencial) (Mantenimiento de Aviónica)
28691,Constitución y navegación de las aeronaves,CNA,,CFGS (Modular presencial) (Mantenimiento de Aviónica)
28692,Técnicas electromecánicas básicas para el mantenimiento,TEB,,CFGS (Modular presencial) (Mantenimiento de Aviónica)
28693,Legislación y organización del mantenimiento,LOM,,CFGS (Modular presencial) (Mantenimiento de Aviónica)
28694,Planta de potencia y sistemas mecánicos de aeronaves,PPSMA,,CFGS (Modular presencial) (Mantenimiento de Aviónica)
28695,Sistemas eléctricos de la aeronave y componentes asociados,SEA,,CFGS (Modular presencial) (Mantenimiento de Aviónica)
28696,Seguridad en el mantenimiento de las aeronaves,SMA,,CFGS (Modular presencial) (Mantenimiento de Aviónica)
28697,Sistemas de comunicaciones y de navegación de la aeronave y componentes asociados,SCA,,CFGS (Modular presencial) (Mantenimiento de Aviónica)
32130,Francés (2º idioma) II,FR2O2,,2º de Bachillerato (Ciencias y Tecnología)
32132,Inglés (2º idioma) II,IN2O2,,2º de Bachillerato (Ciencias y Tecnología)
32134,Alemán (2º idioma) II,AL2O2,,2º de Bachillerato (Ciencias y Tecnología)
32136,Biología,BIOOP,,2º de Bachillerato (Ciencias y Tecnología)
32138,Ciencias de la Tierra y medioambientales,CTMOP,,2º de Bachillerato (Ciencias y Tecnología)
32140,Dibujo técnico II,DT2OP,,2º de Bachillerato (Ciencias y Tecnología)
32142,Electrotecnia,ELEOP,,2º de Bachillerato (Ciencias y Tecnología)
32144,Física,FISOP,,2º de Bachillerato (Ciencias y Tecnología)
32146,Matemáticas II,MT2OP,,2º de Bachillerato (Ciencias y Tecnología)
32148,Química,QUIOP,,2º de Bachillerato (Ciencias y Tecnología)
32150,Tecnología industrial II,TI2OP,,2º de Bachillerato (Ciencias y Tecnología)
32152,Psicología,PSIOP,,2º de Bachillerato (Ciencias y Tecnología)
32154,Fundamentos de administración y gestión,FAGOP,,2º de Bachillerato (Ciencias y Tecnología)
32158,Mecánica,MECOP,,2º de Bachillerato (Ciencias y Tecnología)
32160,Religión católica,REL,,2º de Bachillerato (Ciencias y Tecnología)
32168,Francés (segundo Idioma) II,FR2O2,,2º de Bachillerato (Humanidades y Ciencias Sociales)
32176,Geografía,GEOOP,,2º de Bachillerato (Humanidades y Ciencias Sociales)
32186,Matemáticas aplicadas a las ciencias sociales II,MS2OP,,2º de Bachillerato (Humanidades y Ciencias Sociales)
32188,Psicología,PSIOP,,2º de Bachillerato (Humanidades y Ciencias Sociales)
32190,Fundamentos de administración y gestión,FAGOP,,2º de Bachillerato (Humanidades y Ciencias Sociales)
32196,Religión católica,REL,,2º de Bachillerato (Humanidades y Ciencias Sociales)
30100,Ciencias de la Naturaleza,CNA,,2º de ESO
30102,"Ciencias Sociales, Geografía e Historia",CSO,,2º de ESO
30104,Educación Física,EFI,,2º de ESO
30106,Educación para la ciudadanía y los derechos humanos,ECDH,,2º de ESO
30108,Educación Plástica y Visual,EPV,,2º de ESO
30110,Lengua Castellana y Literatura,LCL,,2º de ESO
30112,Inglés,ING,,2º de ESO
30114,Francés,FRA,,2º de ESO
30116,Alemán,ALE,,2º de ESO
30118,Matemáticas,MAT,,2º de ESO
30120,Música,MUS,,2º de ESO
30122,Francés (Segundo Idioma),FR2OP,,2º de ESO
30124,Inglés (Segundo Idioma),IN2OP,,2º de ESO
30126,Taller Tecnológico y Profesional,TTECP,,2º de ESO
30132,Religión Católica,REL,,2º de ESO
30134,Religión Evangélica,REV,,2º de ESO
30136,Religión Islámica,RIS,,2º de ESO
30138,Religión Judía,RJU,,2º de ESO
30140,Historia y Cultura de las Religiones,HCR,,2º de ESO
30142,Ámbito Científico-Tecnológico,ACT,,4º de ESO
30144,Ámbito Sociolingüístico,ASL,,4º de ESO
30146,"Ciencias Sociales, Geografía e Historia",CSO,,4º de ESO
30148,Educación ético-cívica,EEC,,4º de ESO
30150,Educación Física,EFI,,4º de ESO
30152,Lengua Castellana y Literatura,LCL,,4º de ESO
30154,Matemáticas B,MATB,,4º de ESO
30156,Inglés,ING,,4º de ESO
30158,Francés,FRA,,4º de ESO
30160,Alemán,ALE,,4º de ESO
30162,Biología y Geología,BYG,,4º de ESO
30164,Educación Plástica y Visual,EPV,,4º de ESO
30166,Física y Química,FYQ,,4º de ESO
30168,Informática,INF,,4º de ESO
30170,Latín,LAT,,4º de ESO
30172,Música,MUS,,4º de ESO
30174,Francés (Segundo Idioma),FR2OP,,4º de ESO
30178,Tecnología,TEC,,4º de ESO
30180,Religión Católica,REL,,4º de ESO
30188,Historia y Cultura de las Religiones,HCR,,4º de ESO
29505,Religión Católica,REL,,1º de ESO
29507,Religión Evangélica,REV,,1º de ESO
29509,Religión Islámica,RIS,,1º de ESO
29511,Religión Judía,RJU,,1º de ESO
29513,Historia y Cultura de las Religiones,HCR,,1º de ESO
29180,Formación en Centros de Trabajo,FCT,,CFGS (Modular presencial) (Gestión Comercial y Marketing)
30190,Tecnologías,TEC,,2º de ESO
30194,Matemáticas A,MATA,,4º de ESO
29902,Competencias básicas,CB,,1º de PCPI - Operaciones Auxiliares de Fabricación Mecánica
29681,Ámbito Científico-Tecnológico,ACT,,3º de ESO
29683,Ámbito Sociolingüístico,ASL,,3º de ESO
29699,Inglés Técnico,INGTE,,2º de CFGS (Mantenimiento de Aviónica)
29908,Actividad física y deporte,AFD,,1º de PCPI - Operaciones Auxiliares de Fabricación Mecánica
29914,Módulo definido por el centro,MDC,,1º de PCPI - Operaciones Auxiliares de Fabricación Mecánica
29916,Operaciones de fabricación,OF,,1º de PCPI - Operaciones Auxiliares de Fabricación Mecánica
29918,Operaciones de montaje,OM,,1º de PCPI - Operaciones Auxiliares de Fabricación Mecánica
29920,Formación práctica en centro de trabajo,FCT,,1º de PCPI - Operaciones Auxiliares de Fabricación Mecánica
28668,Inglés Técnico,INGT,,CFGS (Modular presencial) (Mantenimiento Aeromecánico)
28669,Formación en centros de trabajo,FCT,,CFGS (Modular presencial) (Mantenimiento Aeromecánico)
28670,Formación y orientación laboral,FOL,,CFGS (Modular presencial) (Mantenimiento Aeromecánico)
30998,Procesos de mecanizado,PROME,,1º de CFGM (LOE) - Mecanizado
31000,Mecanizado por control numérico,MECNU,,1º de CFGM (LOE) - Mecanizado
31002,Fabricación por arranque de viruta,FAV,,1º de CFGM (LOE) - Mecanizado
31004,Interpretación gráfica,IGR,,1º de CFGM (LOE) - Mecanizado
31006,Formación y Orientación Laboral,FOL,,1º de CFGM (LOE) - Mecanizado
30470,Ámbito de la Comunicación,COM,,2º de PCPI - Auxiliar Informático
30472,Ámbito Científico-Tecnológico,ACT,,2º de PCPI - Auxiliar Informático
30474,Ámbito Social,SOC,,2º de PCPI - Auxiliar Informático
30546,Filosofía y ciudadanía,FC,,1º de Bachillerato (Ciencias y Tecnología)
30548,Lengua castellana y literatura I,LCL1,,1º de Bachillerato (Ciencias y Tecnología)
30550,Inglés I,ING1,,1º de Bachillerato (Ciencias y Tecnología)
30554,Alemán I,ALE1,,1º de Bachillerato (Ciencias y Tecnología)
30556,Biología y geología,BYG,,1º de Bachillerato (Ciencias y Tecnología)
30558,Dibujo técnico I,DBT1,,1º de Bachillerato (Ciencias y Tecnología)
30560,Física y química,FYQ,,1º de Bachillerato (Ciencias y Tecnología)
28671,Relaciones en el entorno de trabajo,RET,,CFGS (Modular presencial) (Mantenimiento Aeromecánico)
28672,Materiales y estructuras de las aeronaves,MEA,,CFGS (Modular presencial) (Mantenimiento Aeromecánico)
28673,Sistemas de la aeronave II,AII,,CFGS (Modular presencial) (Mantenimiento Aeromecánico)
28674,"Motor de reacción, sus sistemas y la unidad de potencia auxiliar(A.P.U.)",MSP,,CFGS (Modular presencial) (Mantenimiento Aeromecánico)
28676,Constitución y Navegación de las Aeronaves,CNA,,CFGS (Modular presencial) (Mantenimiento Aeromecánico)
28677,Seguridad en el Mantenimiento de Aeronaves,SMA,,CFGS (Modular presencial) (Mantenimiento Aeromecánico)
28678,Técnicas electromecánicas básicas para el mantenimiento,TEB,,CFGS (Modular presencial) (Mantenimiento Aeromecánico)
28679,Hidráulica y neumática,HYN,,CFGS (Modular presencial) (Mantenimiento Aeromecánico)
28680,Sistemas eléctricos/electrónicos de las aeronaves,SEE,,CFGS (Modular presencial) (Mantenimiento Aeromecánico)
28681,"Motor de émbolo, hélices y sus sistemas",MEH,,CFGS (Modular presencial) (Mantenimiento Aeromecánico)
28682,Legislación y organización del mantenimiento,LOM,,CFGS (Modular presencial) (Mantenimiento Aeromecánico)
31014,Fabricación por Arranque de Viruta,FAV,,CFGM (Mod. Presencial) (LOE) - Mecanizado
30476,Operaciones auxiliares de montaje de componentes informáticos,OAMCI,,2º de PCPI - Auxiliar Informático
30478,Operaciones auxiliares de mantenimiento de sistemas microinformáticos,OAMSM,,2º de PCPI - Auxiliar Informático
30480,Operaciones auxiliares con tecnologías de la información y la comunicación,OATIC,,2º de PCPI - Auxiliar Informático
30482,Formación práctica en centro de trabajo,FCT,,2º de PCPI - Auxiliar Informático
31010,Procesos de mecanizado,PROME,,CFGM (Mod. Presencial) (LOE) - Mecanizado
31012,Mecanizado por control numérico,MECNU,,CFGM (Mod. Presencial) (LOE) - Mecanizado
31016,Interpretación gráfica,IGR,,CFGM (Mod. Presencial) (LOE) - Mecanizado
31018,Formación y Orientación Laboral,FOL,,CFGM (Mod. Presencial) (LOE) - Mecanizado
31020,"Fabricación por abrasión, electroerosión corte y conformado, y por procesos especiales",FABRA,,CFGM (Mod. Presencial) (LOE) - Mecanizado
31022,Sistemas automatizados,SIA,,CFGM (Mod. Presencial) (LOE) - Mecanizado
31024,Metrología y ensayos,MTE,,CFGM (Mod. Presencial) (LOE) - Mecanizado
31026,Mecanizado avanzado por control numérico,MACN,,CFGM (Mod. Presencial) (LOE) - Mecanizado
31028,Inglés técnico para la familia profesional de Fabricación Mecánica,ING,,CFGM (Mod. Presencial) (LOE) - Mecanizado
31030,Empresa e iniciativa emprendedora,EIE,,CFGM (Mod. Presencial) (LOE) - Mecanizado
31032,Formación en Centros de Trabajo,FCT,,CFGM (Mod. Presencial) (LOE) - Mecanizado
30562,Matemáticas I,MAT1,,1º de Bachillerato (Ciencias y Tecnología)
30564,Tecnología industrial I,TIN1,,1º de Bachillerato (Ciencias y Tecnología)
30566,Francés (segundo idioma) I,FR2O1,,1º de Bachillerato (Ciencias y Tecnología)
30568,Tecnologías de la información y la comunicación,TICOP,,1º de Bachillerato (Ciencias y Tecnología)
30570,Biología y geología,BYGOP,,1º de Bachillerato (Ciencias y Tecnología)
30572,Dibujo técnico I,DT1OP,,1º de Bachillerato (Ciencias y Tecnología)
29121,Actividades Físico-Deportivas en Equipo,AFE,,CFGS (Modular presencial) (Animación de Actividades Físicas y Deportivas)
29122,Formación y Orientación Laboral,FOL,,CFGS (Modular presencial) (Animación de Actividades Físicas y Deportivas)
29123,Formación en Centros de Trabajo,FCT,,CFGS (Modular presencial) (Animación de Actividades Físicas y Deportivas)
29124,Actividades Físicas para Personas con Discapacidades,AFP,,CFGS (Modular presencial) (Animación de Actividades Físicas y Deportivas)
29125,Primeros Auxilios y Socorrismo Acuático,ASA,,CFGS (Modular presencial) (Animación de Actividades Físicas y Deportivas)
29126,Organización Gestión de Pequeña Empresa Tiempo Libre y Socioeducativas,ETL,,CFGS (Modular presencial) (Animación de Actividades Físicas y Deportivas)
29127,Animación y dinámica de grupos,ADG,,CFGS (Modular presencial) (Animación de Actividades Físicas y Deportivas)
29128,Actividades físico-deportivas con implementos,AFD,,CFGS (Modular presencial) (Animación de Actividades Físicas y Deportivas)
29129,Juegos y Actividades Físicas Recreativas para Animación,JAR,,CFGS (Modular presencial) (Animación de Actividades Físicas y Deportivas)
29130,Actividades Físico-Deportivas Individuales,AFI,,CFGS (Modular presencial) (Animación de Actividades Físicas y Deportivas)
29131,Metodología Didáctica de las Actividades Físico-Deportivas,MDF,,CFGS (Modular presencial) (Animación de Actividades Físicas y Deportivas)
29132,Fundamentos Biológicos y Bases del Acondicionamiento Físico,FBI,,CFGS (Modular presencial) (Animación de Actividades Físicas y Deportivas)
29137,Formación en Centros de Trabajo,FCT,,CFGS (Modular presencial) (Administración y Finanzas)
31972,Historia de España,HESP,,2º de Bachillerato (Ciencias y Tecnología)
31974,Historia de la filosofía,HFILO,,2º de Bachillerato (Ciencias y Tecnología)
31976,Lengua castellana y literatura II,LCL2,,2º de Bachillerato (Ciencias y Tecnología)
31978,Inglés II,ING2,,2º de Bachillerato (Ciencias y Tecnología)
31980,Francés II,FRA2,,2º de Bachillerato (Ciencias y Tecnología)
31982,Alemán II,ALE2,,2º de Bachillerato (Ciencias y Tecnología)
31984,Historia de España,HESP,,2º de Bachillerato (Humanidades y Ciencias Sociales)
31986,Historia de la filosofía,HFILO,,2º de Bachillerato (Humanidades y Ciencias Sociales)
31988,Lengua castellana y literatura II,LCL2,,2º de Bachillerato (Humanidades y Ciencias Sociales)
31990,Inglés II,ING2,,2º de Bachillerato (Humanidades y Ciencias Sociales)
31992,Francés II,FRA2,,2º de Bachillerato (Humanidades y Ciencias Sociales)
31994,Alemán II,ALE2,,2º de Bachillerato (Humanidades y Ciencias Sociales)
30616,Filosofía y ciudadanía,FC,,1º de Bachillerato (Humanidades y Ciencias Sociales)
30618,Lengua castellana y literatura I,LCL1,,1º de Bachillerato (Humanidades y Ciencias Sociales)
30622,Inglés I,ING1,,1º de Bachillerato (Humanidades y Ciencias Sociales)
30624,Francés I,FRA1,,1º de Bachillerato (Humanidades y Ciencias Sociales)
30626,Alemán I,ALE1,,1º de Bachillerato (Humanidades y Ciencias Sociales)
30628,Economía,ECO,,1º de Bachillerato (Humanidades y Ciencias Sociales)
30630,Griego I,GRI1,,1º de Bachillerato (Humanidades y Ciencias Sociales)
30632,Historia del mundo contemporáneo,HMC,,1º de Bachillerato (Humanidades y Ciencias Sociales)
30634,Latín I,LAT1,,1º de Bachillerato (Humanidades y Ciencias Sociales)
30636,Matemáticas aplicadas a las ciencias sociales I,MACS1,,1º de Bachillerato (Humanidades y Ciencias Sociales)
30642,Francés (segundo idioma) I,FR2O1,,1º de Bachillerato (Humanidades y Ciencias Sociales)
30648,Alemán (segundo idioma) I,AL2O1,,1º de Bachillerato (Humanidades y Ciencias Sociales)
30650,Tecnologías de la información y la comunicación,TICOP,,1º de Bachillerato (Humanidades y Ciencias Sociales)
30652,Economía,ECOOP,,1º de Bachillerato (Humanidades y Ciencias Sociales)
30654,Griego I,GR1OP,,1º de Bachillerato (Humanidades y Ciencias Sociales)
30656,Historia del mundo contemporáneo,HMCOP,,1º de Bachillerato (Humanidades y Ciencias Sociales)
30658,Latín I,LT1OP,,1º de Bachillerato (Humanidades y Ciencias Sociales)
30660,Matemáticas aplicadas a las ciencias sociales I,MC1OP,,1º de Bachillerato (Humanidades y Ciencias Sociales)
30662,Religión católica,REL,,1º de Bachillerato (Humanidades y Ciencias Sociales)
30664,Religión evangélica,REV,,1º de Bachillerato (Humanidades y Ciencias Sociales)
30666,Religión islámica,RIS,,1º de Bachillerato (Humanidades y Ciencias Sociales)
30668,Religión judía,RJU,,1º de Bachillerato (Humanidades y Ciencias Sociales)
32014,Biología,BIO,,2º de Bachillerato (Ciencias y Tecnología)
32016,Ciencias de la Tierra y medioambientales,CTM,,2º de Bachillerato (Ciencias y Tecnología)
32018,Dibujo técnico II,DBT2,,2º de Bachillerato (Ciencias y Tecnología)
32020,Electrotecnia,ELE,,2º de Bachillerato (Ciencias y Tecnología)
32022,Física,FIS,,2º de Bachillerato (Ciencias y Tecnología)
46976,Políticas de marketing,POM,,CFGS (Mod. Presencial) (LOE) - Gestión de Ventas y Espacios Comerciales
46978,Marketing digital,MD,,CFGS (Mod. Presencial) (LOE) - Gestión de Ventas y Espacios Comerciales
46980,Investigación Comercial,INC,,CFGS (Mod. Presencial) (LOE) - Gestión de Ventas y Espacios Comerciales
46982,Gestión económica y financiera de la empresa,GEFE,,CFGS (Mod. Presencial) (LOE) - Gestión de Ventas y Espacios Comerciales
46986,Formación y orientación laboral,FOL,,CFGS (Mod. Presencial) (LOE) - Gestión de Ventas y Espacios Comerciales
49480,Marketing en la actividad comercial,MAC,,1º de CFGM (LOE) - Actividades  Comerciales
49486,Aplicaciones informáticas para el comercio,AIC,,1º de CFGM (LOE) - Actividades  Comerciales
49492,Formación y Orientación Laboral,FOL,,1º de CFGM (LOE) - Actividades  Comerciales
49494,Gestión de un pequeño comercio,GPC,,2º de CFGM (LOE) - Actividades  Comerciales
49498,Venta técnica,VT,,2º de CFGM (LOE) - Actividades  Comerciales
46434,Recursos humanos y responsabilidad social corporativa,RHRSC,,1º de CFGS (LOE) - Administración y Finanzas
47914,Logística de almacenamiento,LA,,CFGS (Mod. Presencial) (LOE) - Gestión de Ventas y Espacios Comerciales
47916,Logística de aprovisionamiento,LAPR,,CFGS (Mod. Presencial) (LOE) - Gestión de Ventas y Espacios Comerciales
47918,Proyecto de gestión de ventas y espacios comerciales,PGVEC,,CFGS (Mod. Presencial) (LOE) - Gestión de Ventas y Espacios Comerciales
47920,Formación en centros de trabajo,FCT,,CFGS (Mod. Presencial) (LOE) - Gestión de Ventas y Espacios Comerciales
49456,Máquinas y equipos térmicos,MYET,,1º de CFGM (LOE) - Instalaciones de Producción de Calor
49460,Instalaciones Eléctricas y Automatismos,IEA,,1º de CFGM (LOE) - Instalaciones de Producción de Calor
49462,Inglés técnico para los Ciclos Formativos de grado medio de la familia profesional Instalación y Mantenimiento,ING,,1º de CFGM (LOE) - Instalaciones de Producción de Calor
49464,Formación y Orientación Laboral,FOL,,1º de CFGM (LOE) - Instalaciones de Producción de Calor
49466,Configuración de instalaciones caloríficas,CIC,,2º de CFGM (LOE) - Instalaciones de Producción de Calor
49468,Montaje y mantenimiento de instalaciones caloríficas,MMIC,,2º de CFGM (LOE) - Instalaciones de Producción de Calor
49470,Montaje y mantenimiento de instalaciones de agua,MMIA,,2º de CFGM (LOE) - Instalaciones de Producción de Calor
49472,Montaje y mantenimiento de instalaciones de energía solar,MMIES,,2º de CFGM (LOE) - Instalaciones de Producción de Calor
49474,Montaje y mantenimiento de instalaciones de gas y combustibles líquidos,MMIGC,,2º de CFGM (LOE) - Instalaciones de Producción de Calor
49476,Empresa e iniciativa emprendedora,EIE,,2º de CFGM (LOE) - Instalaciones de Producción de Calor
49478,Formación en Centros de Trabajo,FCT,,2º de CFGM (LOE) - Instalaciones de Producción de Calor
49482,Gestión de compras,GC,,1º de CFGM (LOE) - Actividades  Comerciales
49484,Procesos de venta,PV,,1º de CFGM (LOE) - Actividades  Comerciales
49488,Dinamización del punto de venta,DPV,,1º de CFGM (LOE) - Actividades  Comerciales
49490,Inglés,ING,,1º de CFGM (LOE) - Actividades  Comerciales
49496,Técnicas de almacen,TA,,2º de CFGM (LOE) - Actividades  Comerciales
49500,Servicios de atención comercial,SAC,,2º de CFGM (LOE) - Actividades  Comerciales
49502,Comercio electrónico,CE,,2º de CFGM (LOE) - Actividades  Comerciales
49504,Formación en Centros de Trabajo,FCT,,2º de CFGM (LOE) - Actividades  Comerciales
45786,"Técnicas digitales, sistemas de instrumentos electrónicos",TDSIE,,1º EASA B1.1
46984,Inglés,ING,,CFGS (Mod. Presencial) (LOE) - Gestión de Ventas y Espacios Comerciales
47164,Gestión de recursos humanos,GRH,,2º de CFGS (LOE) - Administración y Finanzas
47166,Gestión Financiera,GFI,,2º de CFGS (LOE) - Administración y Finanzas
47174,Proyecto de administración y finanzas,PAF,,2º de CFGS (LOE) - Administración y Finanzas
46624,Políticas de marketing,POM,,1º de CFGS (LOE) - Gestión de Ventas y Espacios Comerciales
46626,Marketing digital,MD,,1º de CFGS (LOE) - Gestión de Ventas y Espacios Comerciales
46628,Investigación comercial,INC,,1º de CFGS (LOE) - Gestión de Ventas y Espacios Comerciales
46630,Gestión económica y financiera de la empresa,GEFE,,1º de CFGS (LOE) - Gestión de Ventas y Espacios Comerciales
46632,Inglés,ING,,1º de CFGS (LOE) - Gestión de Ventas y Espacios Comerciales
46634,Formación y orientación laboral,FOL,,1º de CFGS (LOE) - Gestión de Ventas y Espacios Comerciales
46432,Gestión de la documentación jurídica y empresarial,GDJE,,1º de CFGS (LOE) - Administración y Finanzas
46436,Ofimática y proceso de la información,OPI,,1º de CFGS (LOE) - Administración y Finanzas
46438,Proceso integral de la actividad comercial,PIAC,,1º de CFGS (LOE) - Administración y Finanzas
46440,Comunicación y atención al cliente,CAC,,1º de CFGS (LOE) - Administración y Finanzas
46442,Inglés,ING,,1º de CFGS (LOE) - Administración y Finanzas
46444,Formación y orientación laboral,FOL,,1º de CFGS (LOE) - Administración y Finanzas
44858,Ámbito de la comunicación,COM,,2º de PCPI - Sin Especificar Familia
44860,Ámbito Científico-Tecnológico,ACT,,2º de PCPI - Sin Especificar Familia
44862,Ámbito social,SOC,,2º de PCPI - Sin Especificar Familia
47176,Formación en Centros de Trabajo,FCT,,2º de CFGS (LOE) - Administración y Finanzas
47180,Gestión de recursos humanos,GRH,,CFGS (Mod. Presencial) (LOE) - Administración y Finanzas
47182,Gestión financiera,GFI,,CFGS (Mod. Presencial) (LOE) - Administración y Finanzas
47186,Gestión logística y comercial,GLC,,CFGS (Mod. Presencial) (LOE) - Administración y Finanzas
47188,Simulación empresarial,SE,,CFGS (Mod. Presencial) (LOE) - Administración y Finanzas
47190,Proyecto de administración y finanzas,PAF,,CFGS (Mod. Presencial) (LOE) - Administración y Finanzas
47192,Formación en Centros de Trabajo,FCT,,CFGS (Mod. Presencial) (LOE) - Administración y Finanzas
46892,Gestión de la documentación jurídica y empresarial,GDJE,,CFGS (Mod. Presencial) (LOE) - Administración y Finanzas
46894,Recursos humanos y responsabilidad social corporativa,RHRSC,,CFGS (Mod. Presencial) (LOE) - Administración y Finanzas
46896,Ofimática y proceso de la información,OPI,,CFGS (Mod. Presencial) (LOE) - Administración y Finanzas
46898,Proceso integral de la actividad comercial,PIAC,,CFGS (Mod. Presencial) (LOE) - Administración y Finanzas
46900,Comunicación y atención al cliente,CAC,,CFGS (Mod. Presencial) (LOE) - Administración y Finanzas
46902,Inglés,ING,,CFGS (Mod. Presencial) (LOE) - Administración y Finanzas
46904,Formación y orientación laboral,FOL,,CFGS (Mod. Presencial) (LOE) - Administración y Finanzas
47890,Escaparatismo y diseño de espacios comerciales,EDEC,,2º de CFGS (LOE) - Gestión de Ventas y Espacios Comerciales
47892,Gestión de productos y promociones en el punto de venta,GPPPV,,2º de CFGS (LOE) - Gestión de Ventas y Espacios Comerciales
47894,Organización de equipos de ventas,OEV,,2º de CFGS (LOE) - Gestión de Ventas y Espacios Comerciales
47896,Técnicas de venta y negociación,TVN,,2º de CFGS (LOE) - Gestión de Ventas y Espacios Comerciales
47898,Logística de almacenamiento,LA,,2º de CFGS (LOE) - Gestión de Ventas y Espacios Comerciales
47900,Logística de aprovisionamiento,LAPR,,2º de CFGS (LOE) - Gestión de Ventas y Espacios Comerciales
47902,Proyecto de gestión de ventas y espacios comerciales,PGVEC,,2º de CFGS (LOE) - Gestión de Ventas y Espacios Comerciales
47904,Formación en centros de trabajo,FCT,,2º de CFGS (LOE) - Gestión de Ventas y Espacios Comerciales
47906,Escaparatismo y diseño de espacios comerciales,EDEC,,CFGS (Mod. Presencial) (LOE) - Gestión de Ventas y Espacios Comerciales
47908,Gestión de productos y promociones en el punto de venta,GPPPV,,CFGS (Mod. Presencial) (LOE) - Gestión de Ventas y Espacios Comerciales
47910,Organización de equipos de ventas,OEV,,CFGS (Mod. Presencial) (LOE) - Gestión de Ventas y Espacios Comerciales
47912,Técnicas de venta y negociación,TVN,,CFGS (Mod. Presencial) (LOE) - Gestión de Ventas y Espacios Comerciales
49284,Ciencias aplicadas I,CA1,,1º de FPB - Fabricación y Montaje
49308,Ciencias aplicadas I,CA1,,1º de FPB - Servicios Administrativos
47168,Contabilidad y fiscalidad,CFI,,2º de CFGS (LOE) - Administración y Finanzas
47170,Gestión logística y comercial,GLC,,2º de CFGS (LOE) - Administración y Finanzas
47172,Simulación empresarial,SE,,2º de CFGS (LOE) - Administración y Finanzas
49458,Técnicas de Montaje de Instalaciones,TMI,,1º de CFGM (LOE) - Instalaciones de Producción de Calor
49286,Comunicación y sociedad I,CS1,,1º de FPB - Fabricación y Montaje
49310,Comunicación y sociedad I,CS1,,1º de FPB - Servicios Administrativos
43546,Acceso a datos,AD,,2º de CFGS (LOE) - Desarrollo de Aplicaciones Multiplataforma
43548,Desarrollo de interfaces,DI,,2º de CFGS (LOE) - Desarrollo de Aplicaciones Multiplataforma
43550,Programación multimedia y dispositivos móviles,PMDM,,2º de CFGS (LOE) - Desarrollo de Aplicaciones Multiplataforma
43554,Sistemas de gestión empresarial,SGE,,2º de CFGS (LOE) - Desarrollo de Aplicaciones Multiplataforma
41211,"Aerodinámica, estructuras y sistemas de aviones de turbina",AATI,,1º EASA B1.1
41213,Hélices,HE,,1º EASA B1.1
43560,Sistemas Informáticos,SISIN,,CFGS (Mod. Presencial) (LOE) - Desarrollo de Aplicaciones Multiplataforma
43562,Bases de Datos,BDD,,CFGS (Mod. Presencial) (LOE) - Desarrollo de Aplicaciones Multiplataforma
43564,Programación,PROG,,CFGS (Mod. Presencial) (LOE) - Desarrollo de Aplicaciones Multiplataforma
43566,Lenguajes de marcas y sistemas de gestión de información,LMSGI,,CFGS (Mod. Presencial) (LOE) - Desarrollo de Aplicaciones Multiplataforma
43568,Entornos de desarrollo,ENDES,,CFGS (Mod. Presencial) (LOE) - Desarrollo de Aplicaciones Multiplataforma
43574,Acceso a datos,AD,,CFGS (Mod. Presencial) (LOE) - Desarrollo de Aplicaciones Multiplataforma
43578,Programación multimedia y dispositivos móviles,PMDM,,CFGS (Mod. Presencial) (LOE) - Desarrollo de Aplicaciones Multiplataforma
43586,Formación en Centros de Trabajo,FCT,,CFGS (Mod. Presencial) (LOE) - Desarrollo de Aplicaciones Multiplataforma
43590,Desarrollo web en entorno servidor,DWES,,2º de CFGS (LOE) - Desarrollo de Aplicaciones Web
43592,Despliegue de aplicaciones web,DAW,,2º de CFGS (LOE) - Desarrollo de Aplicaciones Web
43594,Diseño de interfaces WEB,DIW,,2º de CFGS (LOE) - Desarrollo de Aplicaciones Web
43576,Desarrollo de interfaces,DI,,CFGS (Mod. Presencial) (LOE) - Desarrollo de Aplicaciones Multiplataforma
43584,Empresa e iniciativa emprendedora,EIE,,CFGS (Mod. Presencial) (LOE) - Desarrollo de Aplicaciones Multiplataforma
41197,Matemáticas,MAT,,1º EASA B1.1
41199,Física,FIS,,1º EASA B1.1
41201,Fundamentos de electricidad,FELE,,1º EASA B1.1
41203,Fundamentos de electrónica,FELCA,,1º EASA B1.1
41207,Aerodinámica básica,AB,,1º EASA B1.1
41209,Legislación aeronáutica,LARC,,1º EASA B1.1
40511,Administración de sistemas operativos,ASO,,CFGS (Mod. Presencial) (LOE) - Administración de Sistemas Informáticos en Red
40513,Servicios de red e internet,SRI,,CFGS (Mod. Presencial) (LOE) - Administración de Sistemas Informáticos en Red
40515,Implantación de aplicaciones web,IAW,,CFGS (Mod. Presencial) (LOE) - Administración de Sistemas Informáticos en Red
40517,Administración de sistemas gestores de bases de datos,ASGBD,,CFGS (Mod. Presencial) (LOE) - Administración de Sistemas Informáticos en Red
40519,Seguridad y alta disponibilidad,SAD,,CFGS (Mod. Presencial) (LOE) - Administración de Sistemas Informáticos en Red
40521,Empresa e iniciativa emprendedora,EIE,,CFGS (Mod. Presencial) (LOE) - Administración de Sistemas Informáticos en Red
40523,Proyecto de administración de sistemas informáticos en red,PASIR,,CFGS (Mod. Presencial) (LOE) - Administración de Sistemas Informáticos en Red
40525,Formación en Centros de Trabajo,FCT,,CFGS (Mod. Presencial) (LOE) - Administración de Sistemas Informáticos en Red
41249,"Materiales, equipos y herramientas",MEH,,2º EASA B1.1
41253,Factores humanos,FAHU,,2º EASA B1.1
41257,Motores de turbina de gas,MTUGA,,2º EASA B1.1
41277,Formación en Centros de Trabajo,FCT,,3º EASA B1.1
41283,Matemáticas,MAT,,Modular Presencial - EASA B1.1
41285,Física,FIS,,Modular Presencial - EASA B1.1
43204,Formación y Orientación Laboral,FOL,,1º de CFGS (LOE) - Desarrollo de Aplicaciones Multiplataforma
43552,Programación de servicios y procesos,PSP,,2º de CFGS (LOE) - Desarrollo de Aplicaciones Multiplataforma
43556,Empresa e iniciativa emprendedora,EIE,,2º de CFGS (LOE) - Desarrollo de Aplicaciones Multiplataforma
43558,Formación en Centros de Trabajo,FCT,,2º de CFGS (LOE) - Desarrollo de Aplicaciones Multiplataforma
43602,Tratamiento de la documentación contable,TDC,,2º de CFGM (LOE) - Gestión Administrativa
43608,Operaciones administrativas de compraventa,OAC,,CFGM (Mod. Presencial) (LOE) - Gestión Administrativa
43188,Sistemas Informáticos,SISIN,,1º de CFGS (LOE) - Desarrollo de Aplicaciones Multiplataforma
43194,Bases de Datos,BDD,,1º de CFGS (LOE) - Desarrollo de Aplicaciones Multiplataforma
43196,Programación,PROG,,1º de CFGS (LOE) - Desarrollo de Aplicaciones Multiplataforma
43198,Lenguajes de marcas y sistemas de gestión de información,LMSGI,,1º de CFGS (LOE) - Desarrollo de Aplicaciones Multiplataforma
43200,Entornos de desarrollo,ENDES,,1º de CFGS (LOE) - Desarrollo de Aplicaciones Multiplataforma
43202,Inglés técnico para CFGS de la familia profesional Informática y Comunicaciones,ING,,1º de CFGS (LOE) - Desarrollo de Aplicaciones Multiplataforma
43206,Sistemas Informáticos,SISIN,,1º de CFGS (LOE) - Desarrollo de Aplicaciones Web
43208,Bases de Datos,BDD,,1º de CFGS (LOE) - Desarrollo de Aplicaciones Web
43210,Programación,PROG,,1º de CFGS (LOE) - Desarrollo de Aplicaciones Web
43212,Lenguajes de marcas y sistemas de gestión de información,LMSGI,,1º de CFGS (LOE) - Desarrollo de Aplicaciones Web
43214,Entornos de desarrollo,ENDES,,1º de CFGS (LOE) - Desarrollo de Aplicaciones Web
43616,Operaciones auxiliares de gestión de tesorería,OAGT,,CFGM (Mod. Presencial) (LOE) - Gestión Administrativa
43618,Formación y Orientación Laboral,FOL,,CFGM (Mod. Presencial) (LOE) - Gestión Administrativa
43630,Formación en Centros de Trabajo,FCT,,CFGM (Mod. Presencial) (LOE) - Gestión Administrativa
44194,Inglés técnico para CFGS de la familia profesional Informática y Comunicaciones,ING,,1º de CFGS (LOE) - Desarrollo de Aplicaciones Web
44200,Formación y Orientación Laboral,FOL,,CFGS (Mod. Presencial) (LOE) - Desarrollo de Aplicaciones Web
43216,Máquinas y equipos térmicos,MYET,,1º de CFGM (LOE) - Instalaciones Frigoríficas y de Climatización
43218,Técnicas de Montaje de Instalaciones,TMI,,1º de CFGM (LOE) - Instalaciones Frigoríficas y de Climatización
43220,Instalaciones eléctricas y automatismos,IEA,,1º de CFGM (LOE) - Instalaciones Frigoríficas y de Climatización
43222,Inglés técnico para CFGM de la familia profesional de Instalación y Mantenimiento,ING,,1º de CFGM (LOE) - Instalaciones Frigoríficas y de Climatización
43224,Formación y Orientación Laboral,FOL,,1º de CFGM (LOE) - Instalaciones Frigoríficas y de Climatización
43226,Configuración de instalaciones de frío y climatización,CIFC,,2º de CFGM (LOE) - Instalaciones Frigoríficas y de Climatización
43228,Montaje y mantenimiento de equipos de refrigeración comercial,MMERC,,2º de CFGM (LOE) - Instalaciones Frigoríficas y de Climatización
43230,Montaje y mantenimiento de instalaciones frigoríficas industriales,MMIFI,,2º de CFGM (LOE) - Instalaciones Frigoríficas y de Climatización
43234,Empresa e iniciativa emprendedora,EIE,,2º de CFGM (LOE) - Instalaciones Frigoríficas y de Climatización
43596,Comunicación empresarial y atención al cliente,CEAC,,2º de CFGM (LOE) - Gestión Administrativa
43598,Empresa y administración,EA,,2º de CFGM (LOE) - Gestión Administrativa
43600,Operaciones administrativas de recursos humanos,OARH,,2º de CFGM (LOE) - Gestión Administrativa
43604,Empresa en el aula,EAULA,,2º de CFGM (LOE) - Gestión Administrativa
43606,Formación en Centros de Trabajo,FCT,,2º de CFGM (LOE) - Gestión Administrativa
43610,Tratamiento informático de la información,TI,,CFGM (Mod. Presencial) (LOE) - Gestión Administrativa
43612,Técnica contable,TC,,CFGM (Mod. Presencial) (LOE) - Gestión Administrativa
43614,Inglés,ING,,CFGM (Mod. Presencial) (LOE) - Gestión Administrativa
43620,Comunicación empresarial y atención al cliente,CEAC,,CFGM (Mod. Presencial) (LOE) - Gestión Administrativa
43622,Empresa y administración,EA,,CFGM (Mod. Presencial) (LOE) - Gestión Administrativa
43624,Operaciones administrativas de recursos humanos,OARH,,CFGM (Mod. Presencial) (LOE) - Gestión Administrativa
43626,Tratamiento de la documentación contable,TDC,,CFGM (Mod. Presencial) (LOE) - Gestión Administrativa
43628,Empresa en el aula,EAULA,,CFGM (Mod. Presencial) (LOE) - Gestión Administrativa
43570,Inglés técnico para CFGS de la familia profesional Informática y Comunicaciones,ING,,CFGS (Mod. Presencial) (LOE) - Desarrollo de Aplicaciones Multiplataforma
43572,Formación y Orientación Laboral,FOL,,CFGS (Mod. Presencial) (LOE) - Desarrollo de Aplicaciones Multiplataforma
43580,Programación de servicios y procesos,PSP,,CFGS (Mod. Presencial) (LOE) - Desarrollo de Aplicaciones Multiplataforma
43582,Sistemas de gestión empresarial,SGE,,CFGS (Mod. Presencial) (LOE) - Desarrollo de Aplicaciones Multiplataforma
43588,Desarrollo web en entorno cliente,DWEC,,2º de CFGS (LOE) - Desarrollo de Aplicaciones Web
43710,Desarrollo web en entorno cliente,DWEC,,CFGS (Mod. Presencial) (LOE) - Desarrollo de Aplicaciones Web
43714,Despliegue de aplicaciones web,DAW,,CFGS (Mod. Presencial) (LOE) - Desarrollo de Aplicaciones Web
43716,Diseño de interfaces WEB,DIW,,CFGS (Mod. Presencial) (LOE) - Desarrollo de Aplicaciones Web
43718,Empresa e iniciativa emprendedora,EIE,,CFGS (Mod. Presencial) (LOE) - Desarrollo de Aplicaciones Web
43700,Sistemas Informáticos,SISIN,,CFGS (Mod. Presencial) (LOE) - Desarrollo de Aplicaciones Web
43702,Bases de Datos,BDD,,CFGS (Mod. Presencial) (LOE) - Desarrollo de Aplicaciones Web
43704,Programación,PROG,,CFGS (Mod. Presencial) (LOE) - Desarrollo de Aplicaciones Web
43708,Entornos de desarrollo,ENDES,,CFGS (Mod. Presencial) (LOE) - Desarrollo de Aplicaciones Web
43712,Desarrollo web en entorno servidor,DWES,,CFGS (Mod. Presencial) (LOE) - Desarrollo de Aplicaciones Web
43720,Formación en Centros de Trabajo,FCT,,CFGS (Mod. Presencial) (LOE) - Desarrollo de Aplicaciones Web
43698,Formación en Centros de Trabajo,FCT,,2º de CFGS (LOE) - Desarrollo de Aplicaciones Web
43706,Lenguajes de marcas y sistemas de gestión de información,LMSGI,,CFGS (Mod. Presencial) (LOE) - Desarrollo de Aplicaciones Web
44174,Proyecto de desarrollo de aplicaciones multiplataforma,PDAM,,CFGS (Mod. Presencial) (LOE) - Desarrollo de Aplicaciones Multiplataforma
44178,Proyecto de desarrollo de aplicaciones Web,PDAW,,CFGS (Mod. Presencial) (LOE) - Desarrollo de Aplicaciones Web
44196,Formación y Orientación Laboral,FOL,,1º de CFGS (LOE) - Desarrollo de Aplicaciones Web
44198,Inglés técnico para CFGS de la familia profesional Informática y Comunicaciones,ING,,CFGS (Mod. Presencial) (LOE) - Desarrollo de Aplicaciones Web
43238,Formación en Centros de Trabajo,FCT,,2º de CFGM (LOE) - Instalaciones Frigoríficas y de Climatización
41287,Fundamentos de electricidad,FELE,,Modular Presencial - EASA B1.1
41289,Fundamentos de electrónica,FELCA,,Modular Presencial - EASA B1.1
43846,Máquinas y equipos térmicos,MYET,,CFGM (Mod. Presencial) (LOE) - Instalaciones Frigoríficas y de Climatización
43232,"Montaje y mant. de inst. de climatización, ventilación y extracción",MMCVE,,2º de CFGM (LOE) - Instalaciones Frigoríficas y de Climatización
44172,Proyecto de desarrollo de aplicaciones multiplataforma,PDAM,,2º de CFGS (LOE) - Desarrollo de Aplicaciones Multiplataforma
44176,Proyecto de desarrollo de aplicaciones Web,PDAW,,2º de CFGS (LOE) - Desarrollo de Aplicaciones Web
43696,Empresa e iniciativa emprendedora,EIE,,2º de CFGS (LOE) - Desarrollo de Aplicaciones Web
43848,Técnicas de Montaje de Instalaciones,TMI,,CFGM (Mod. Presencial) (LOE) - Instalaciones Frigoríficas y de Climatización
43850,Instalaciones Eléctricas y Automatismos,IEA,,CFGM (Mod. Presencial) (LOE) - Instalaciones Frigoríficas y de Climatización
43852,Inglés técnico para CFGM de la familia profesional de Instalación y Mantenimiento,ING,,CFGM (Mod. Presencial) (LOE) - Instalaciones Frigoríficas y de Climatización
43854,Formación y Orientación Laboral,FOL,,CFGM (Mod. Presencial) (LOE) - Instalaciones Frigoríficas y de Climatización
43856,Configuración de instalaciones de frío y climatización,CIFC,,CFGM (Mod. Presencial) (LOE) - Instalaciones Frigoríficas y de Climatización
43858,Montaje y mantenimiento de equipos de refrigeración comercial,MMERC,,CFGM (Mod. Presencial) (LOE) - Instalaciones Frigoríficas y de Climatización
43860,Montaje y mantenimiento de instalaciones frigoríficas industriales,MMIFI,,CFGM (Mod. Presencial) (LOE) - Instalaciones Frigoríficas y de Climatización
43862,"Montaje y mant. de inst. de climatización, ventilación y extracción",MMCVE,,CFGM (Mod. Presencial) (LOE) - Instalaciones Frigoríficas y de Climatización
43864,Empresa e iniciativa emprendedora,EIE,,CFGM (Mod. Presencial) (LOE) - Instalaciones Frigoríficas y de Climatización
43866,Formación en Centros de Trabajo,FCT,,CFGM (Mod. Presencial) (LOE) - Instalaciones Frigoríficas y de Climatización
41291,Prácticas de mantenimiento I,PMAI,,Modular Presencial - EASA B1.1
41293,Aerodinámica básica,AB,,Modular Presencial - EASA B1.1
41295,Legislación aeronáutica,LARC,,Modular Presencial - EASA B1.1
41297,"Aerodinámica, estructuras y sistemas de aviones de turbina I",AATI,,Modular Presencial - EASA B1.1
41299,Hélices,HE,,Modular Presencial - EASA B1.1
41301,"Técnicas digitales, sistemas de instrumentos electrónicos",TDSIE,,Modular Presencial - EASA B1.1
41303,"Materiales, equipos y herramientas",MEH,,Modular Presencial - EASA B1.1
41305,Prácticas de mantenimiento II,PMAII,,Modular Presencial - EASA B1.1
41307,Factores humanos,FAHU,,Modular Presencial - EASA B1.1
41309,"Aerodinámica, estructuras y sistemas de aviones de turbina II",AATII,,Modular Presencial - EASA B1.1
41311,Motores de turbina de gas,MTUGA,,Modular Presencial - EASA B1.1
47184,Contabilidad y fiscalidad,CFI,,CFGS (Mod. Presencial) (LOE) - Administración y Finanzas
49864,Tratamiento informático de datos,TID,,1º de FPB - Servicios Administrativos
49876,Soldadura y carpintería metálica,SCM,,1º de FPB - Fabricación y Montaje
50632,Inglés técnico para los Ciclos Formativos de grado medio de la familia profesional Instalación y Mantenimiento,ING,,CFGM (Mod. Presencial) (LOE) - Instalaciones de Producción de Calor
50640,Montaje y mantenimiento de instalaciones de agua,MMIA,,CFGM (Mod. Presencial) (LOE) - Instalaciones de Producción de Calor
49866,Técnicas administrativas básicas,TAB,,1º de FPB - Servicios Administrativos
50636,Configuración de instalaciones caloríficas,CIC,,CFGM (Mod. Presencial) (LOE) - Instalaciones de Producción de Calor
50644,Montaje y mantenimiento de instalaciones de gas y combustibles líquidos,MMIGC,,CFGM (Mod. Presencial) (LOE) - Instalaciones de Producción de Calor
50626,Máquinas y equipos térmicos,MYET,,CFGM (Mod. Presencial) (LOE) - Instalaciones de Producción de Calor
50642,Montaje y mantenimiento de instalaciones de energía solar,MMIES,,CFGM (Mod. Presencial) (LOE) - Instalaciones de Producción de Calor
50628,Técnicas de Montaje de Instalaciones,TMI,,CFGM (Mod. Presencial) (LOE) - Instalaciones de Producción de Calor
50630,Instalaciones Eléctricas y Automatismos,IEA,,CFGM (Mod. Presencial) (LOE) - Instalaciones de Producción de Calor
50634,Formación y Orientación Laboral,FOL,,CFGM (Mod. Presencial) (LOE) - Instalaciones de Producción de Calor
50638,Montaje y mantenimiento de instalaciones caloríficas,MMIC,,CFGM (Mod. Presencial) (LOE) - Instalaciones de Producción de Calor
50646,Empresa e iniciativa emprendedora,EIE,,CFGM (Mod. Presencial) (LOE) - Instalaciones de Producción de Calor
50648,Formación en Centros de Trabajo,FCT,,CFGM (Mod. Presencial) (LOE) - Instalaciones de Producción de Calor
49868,Archivo y comunicación,AC,,1º de FPB - Servicios Administrativos
49874,Operaciones básicas de fabricación,OBF,,1º de FPB - Fabricación y Montaje
49878,Carpintería de aluminio y PVC,CAPVC,,1º de FPB - Fabricación y Montaje